chr,partition,load_time,load_memory,gwas_time,gwas_memory
21,0_chr21-5030618-25863389,10.853558773000259,3778.11328125,87.86042359699968,39172.57421875
21,1_chr21-25863390-46696162,16.08527098600007,23448.390625,132.14810074900015,61701.88671875
