chr,partition,load_time,load_memory,gwas_time,gwas_memory
11,0_chr11-103091-22598673,17.333955290000006,5190.11328125,138.664965677,60520.69921875
11,1_chr11-22598674-45094256,14.87102517400001,32510.59765625,139.88192183599995,66643.078125
11,2_chr11-45094257-67589840,13.035222051999995,33146.0078125,115.33921945600002,67339.89453125
11,3_chr11-67589841-90085423,14.837035066999988,38270.890625,143.40247494099992,63052.83203125
11,4_chr11-90085424-112581006,15.898180004000096,29189.51953125,140.72587089000012,60041.890625
11,5_chr11-112581007-135076590,17.131004044000065,29981.75,154.39952344000017,59952.09765625
