chr,partition,load_time,load_memory,gwas_time,gwas_memory
21,0_chr21-5030618-25863389,11.903443884000012,2798.00390625,22.84822094200001,8308.6484375
21,1_chr21-25863390-46696162,18.01929664299996,4319.2734375,34.65612679599997,12214.23828125
