chr,partition,load_time,load_memory,gwas_time,gwas_memory
21,0_chr21-5030618-25863389,7.256517778998386,1459.421875,15.772755726000469,5780.19921875
21,1_chr21-25863390-46696162,8.814951479998854,1944.84375,20.105161775998567,7861.609375
