chr,partition,load_time,load_memory,gwas_time,gwas_memory
11,0_chr11-103091-22598673,20.58538766199996,4200.546875,39.385853912000016,13214.78515625
11,1_chr11-22598674-45094256,16.772148809999976,4210.1875,37.37914432800005,12514.484375
11,2_chr11-45094257-67589840,14.275213635,3621.203125,29.276577713999927,10711.11328125
11,3_chr11-67589841-90085423,16.458341189999942,4122.6796875,34.12615922200007,12250.78515625
11,4_chr11-90085424-112581006,16.934316651000017,4274.11328125,34.913996907999945,12602.0
11,5_chr11-112581007-135076590,17.920292012000004,4553.4609375,38.43829838900001,13109.33203125
