chr,partition,load_time,load_memory,gwas_time,gwas_memory
11,0_chr11-103091-22598673,9.195439436000015,1764.046875,25.40623855900003,8493.93359375
11,1_chr11-22598674-45094256,8.056353046000027,1905.6171875,20.984467373999962,8343.9765625
11,2_chr11-45094257-67589840,7.635625263999998,1739.203125,17.97960015800004,7432.56640625
11,3_chr11-67589841-90085423,8.171974171999977,1910.0859375,22.61965491000001,8274.984375
11,4_chr11-90085424-112581006,7.7066905970000334,1893.12890625,22.088213984999925,8289.4765625
11,5_chr11-112581007-135076590,8.863884387999974,2064.12890625,22.443638410000062,8573.9453125
